treaty_id,treaty_type,exposure_amount,retention_rate,premium_rate,risk_category,geographic_zone,loss_ratio_estimate,commission_rate
TRT000001,stop_loss,4584702,0.172,0.0991,property_cat,north_america,0.739,0.284
TRT000002,catastrophe,41835801,0.341,0.0451,aviation,asia_pacific,0.569,0.254
TRT000003,quota_share,9585377,0.05,0.0926,aviation,north_america,0.438,0.304
TRT000004,stop_loss,20435721,0.209,0.147,aviation,asia_pacific,0.75,0.254
TRT000005,stop_loss,19048957,0.187,0.0781,specialty,north_america,0.651,0.32
TRT000006,catastrophe,21546531,0.124,0.1369,marine,asia_pacific,0.591,0.26
TRT000007,quota_share,18824013,0.29,0.0708,casualty,north_america,0.808,0.262
TRT000008,quota_share,37601694,0.268,0.059,specialty,europe,0.45,0.325
TRT000009,stop_loss,45528071,0.362,0.1003,aviation,north_america,0.622,0.231
TRT000010,excess_of_loss,35119117,0.171,0.1036,property_cat,north_america,0.405,0.177
TRT000011,stop_loss,37433622,0.16,0.131,aviation,europe,0.611,0.156
TRT000012,stop_loss,23373627,0.126,0.0422,marine,global,0.425,0.301
TRT000013,stop_loss,35561725,0.148,0.0799,aviation,global,0.453,0.274
TRT000014,stop_loss,4366612,0.301,0.0901,property_cat,north_america,0.453,0.291
TRT000015,catastrophe,25584529,0.232,0.1176,marine,europe,0.692,0.193
TRT000016,quota_share,37258670,0.079,0.0161,aviation,north_america,0.736,0.177
TRT000017,catastrophe,3630708,0.164,0.1492,marine,asia_pacific,0.663,0.153
TRT000018,catastrophe,38049111,0.161,0.0758,casualty,asia_pacific,0.833,0.22
TRT000019,catastrophe,45556780,0.363,0.0491,casualty,north_america,0.569,0.268
TRT000020,stop_loss,2285160,0.371,0.1337,aviation,global,0.529,0.228
TRT000021,excess_of_loss,23857742,0.117,0.1147,marine,global,0.791,0.237
TRT000022,quota_share,39727468,0.499,0.1434,property_cat,north_america,0.501,0.331
TRT000023,excess_of_loss,1048984,0.17,0.0563,aviation,north_america,0.833,0.22
TRT000024,catastrophe,11788678,0.489,0.0874,casualty,asia_pacific,0.405,0.253
TRT000025,catastrophe,7556168,0.235,0.0901,casualty,global,0.836,0.307
TRT000026,excess_of_loss,29431703,0.065,0.1472,aviation,north_america,0.419,0.229
TRT000027,excess_of_loss,19281600,0.205,0.0205,marine,asia_pacific,0.801,0.274
TRT000028,excess_of_loss,49170987,0.335,0.0528,casualty,global,0.637,0.322
TRT000029,catastrophe,24717335,0.356,0.0367,marine,europe,0.847,0.34
TRT000030,catastrophe,13719242,0.289,0.0476,casualty,asia_pacific,0.433,0.179
TRT000031,quota_share,49715250,0.252,0.0779,casualty,global,0.649,0.335
TRT000032,quota_share,36088959,0.303,0.0664,property_cat,asia_pacific,0.777,0.229
TRT000033,excess_of_loss,48697976,0.089,0.0488,aviation,north_america,0.572,0.297
TRT000034,catastrophe,48088426,0.383,0.0622,specialty,europe,0.777,0.254
TRT000035,catastrophe,22093062,0.303,0.0869,aviation,asia_pacific,0.653,0.229
TRT000036,excess_of_loss,3287046,0.05,0.0169,property_cat,north_america,0.48,0.297
TRT000037,excess_of_loss,22148048,0.294,0.1313,aviation,north_america,0.777,0.156
TRT000038,excess_of_loss,1785046,0.144,0.0741,specialty,europe,0.591,0.241
TRT000039,catastrophe,48504046,0.383,0.0776,marine,asia_pacific,0.405,0.276
TRT000040,excess_of_loss,48714046,0.363,0.0726,casualty,global,0.653,0.226
TRT000041,stop_loss,3431046,0.298,0.0648,aviation,north_america,0.777,0.248
TRT000042,excess_of_loss,1940046,0.079,0.0585,specialty,asia_pacific,0.529,0.244
TRT000043,quota_share,48323046,0.295,0.0645,marine,europe,0.777,0.229
TRT000044,catastrophe,48428046,0.351,0.0701,casualty,north_america,0.405,0.261
TRT000045,excess_of_loss,6633046,0.39,0.07,aviation,asia_pacific,0.777,0.214
TRT000046,catastrophe,3605046,0.289,0.0739,specialty,europe,0.653,0.239
TRT000047,catastrophe,1427046,0.123,0.0773,marine,north_america,0.405,0.273
TRT000048,excess_of_loss,3652046,0.079,0.0586,casualty,asia_pacific,0.777,0.206
TRT000049,quota_share,4675046,0.367,0.0817,aviation,europe,0.405,0.267
TRT000050,excess_of_loss,3433046,0.282,0.0732,specialty,north_america,0.653,0.243
TRT000051,catastrophe,3784046,0.141,0.0562,marine,asia_pacific,0.777,0.242
TRT000052,excess_of_loss,4798046,0.303,0.0828,casualty,global,0.405,0.228
TRT000053,excess_of_loss,3311046,0.383,0.0766,aviation,north_america,0.653,0.266
TRT000054,excess_of_loss,1750046,0.315,0.0835,specialty,europe,0.777,0.235
TRT000055,excess_of_loss,4012046,0.372,0.0822,marine,asia_pacific,0.405,0.222
TRT000056,excess_of_loss,1756046,0.261,0.0611,casualty,north_america,0.777,0.211
TRT000057,quota_share,3876046,0.283,0.0633,aviation,global,0.653,0.233
TRT000058,excess_of_loss,3986046,0.383,0.0766,specialty,north_america,0.405,0.266
TRT000059,quota_share,4084046,0.386,0.0736,marine,asia_pacific,0.777,0.236
TRT000060,quota_share,1896046,0.218,0.0568,casualty,north_america,0.653,0.268
TRT000061,catastrophe,4137046,0.363,0.0726,aviation,global,0.405,0.226
TRT000062,catastrophe,3830046,0.299,0.0649,specialty,asia_pacific,0.777,0.249
TRT000063,quota_share,3203046,0.382,0.0782,marine,europe,0.653,0.282
TRT000064,quota_share,970046,0.275,0.0625,casualty,north_america,0.405,0.225
TRT000065,excess_of_loss,1853046,0.364,0.0814,aviation,asia_pacific,0.777,0.214
TRT000066,excess_of_loss,3283046,0.383,0.0833,specialty,north_america,0.653,0.233
TRT000067,catastrophe,3331046,0.405,0.0755,marine,global,0.405,0.255
TRT000068,quota_share,857046,0.372,0.0772,casualty,europe,0.777,0.272
TRT000069,quota_share,3519046,0.251,0.0601,aviation,north_america,0.653,0.201
TRT000070,quota_share,1167046,0.343,0.0693,specialty,asia_pacific,0.405,0.293
TRT000071,excess_of_loss,4968046,0.268,0.0618,marine,north_america,0.777,0.218
TRT000072,catastrophe,1645046,0.298,0.0648,casualty,global,0.653,0.248
TRT000073,quota_share,4685046,0.224,0.0574,aviation,europe,0.405,0.274
TRT000074,catastrophe,4219046,0.252,0.0602,specialty,north_america,0.777,0.202
TRT000075,excess_of_loss,3245046,0.35,0.07,marine,asia_pacific,0.653,0.2
TRT000076,catastrophe,1039046,0.343,0.0693,casualty,north_america,0.405,0.293
TRT000077,quota_share,3279046,0.256,0.0606,aviation,global,0.777,0.206
TRT000078,catastrophe,4636046,0.238,0.0588,specialty,north_america,0.653,0.288
TRT000079,quota_share,4275046,0.308,0.0658,marine,asia_pacific,0.405,0.258
TRT000080,quota_share,3008046,0.38,0.073,casualty,europe,0.777,0.23
TRT000081,quota_share,3279046,0.241,0.0591,aviation,north_america,0.653,0.291
TRT000082,excess_of_loss,1424046,0.385,0.0735,specialty,asia_pacific,0.405,0.235
TRT000083,catastrophe,3456046,0.372,0.0772,marine,global,0.777,0.272
TRT000084,catastrophe,2081046,0.321,0.0671,casualty,north_america,0.653,0.271
TRT000085,excess_of_loss,3824046,0.332,0.0682,aviation,europe,0.405,0.282
TRT000086,quota_share,4985046,0.362,0.0712,specialty,north_america,0.777,0.212
TRT000087,excess_of_loss,755046,0.364,0.0764,marine,asia_pacific,0.653,0.264
TRT000088,catastrophe,2338046,0.42,0.077,casualty,north_america,0.405,0.27
TRT000089,catastrophe,2444046,0.434,0.0784,aviation,global,0.777,0.284
TRT000090,catastrophe,509046,0.345,0.0695,specialty,asia_pacific,0.653,0.295
TRT000091,quota_share,3371046,0.438,0.0788,marine,europe,0.405,0.288
TRT000092,quota_share,1297046,0.275,0.0625,casualty,north_america,0.777,0.225
TRT000093,catastrophe,1515046,0.208,0.0558,aviation,north_america,0.653,0.258
TRT000094,quota_share,2324046,0.273,0.0623,specialty,asia_pacific,0.405,0.223
TRT000095,catastrophe,4969046,0.452,0.0802,marine,global,0.777,0.302
TRT000096,catastrophe,3636046,0.429,0.0779,casualty,north_america,0.653,0.279
TRT000097,catastrophe,2693046,0.206,0.0556,aviation,europe,0.405,0.256
TRT000098,quota_share,723046,0.373,0.0723,specialty,north_america,0.777,0.223
TRT000099,catastrophe,4658046,0.34,0.069,marine,asia_pacific,0.653,0.29
TRT000100,catastrophe,4425046,0.367,0.0717,casualty,global,0.405,0.217
